/*
 System Name    :  TEST                                        
 Entity Name    :  자동차 벨트 판매 현황
 Table  Name    :  T_CAR,T_BELT,T_BELTORDER
 작성자         :  노정환 					
 작성일         :  2003.10.18                             
 내용            :  칼럼 변환
 비고	     :  
*/
CREATE TABLE T_CAR
(
CARCD_VC VARCHAR2(4),
NAME_VC VARCHAR2(20),
BRAND_VC VARCHAR2(10)
)
/
CREATE TABLE T_BELT
(
BELTCD_VC VARCHAR2(20),
PARTNO_VC VARCHAR2(5),
PRICE_NU NUMBER,
DBYN_VC VARCHAR2(1)
)
/
CREATE TABLE T_BELTORDER
(
ORDERNUM_VC VARCHAR2(12),
COMNAME_VC VARCHAR2(10),
PRENAME_VC VARCHAR2(10),
CARCD_VC VARCHAR2(3),	
BELTCD_VC VARCHAR2(20),	
QUANTITY_NU NUMBER
)
/
INSERT INTO T_CAR (CARCD_VC,NAME_VC,BRAND_VC) VALUES (12,'마티즈','GM대우');
INSERT INTO T_CAR (CARCD_VC,NAME_VC,BRAND_VC) VALUES (23,'SM5','르노삼성');
INSERT INTO T_CAR (CARCD_VC,NAME_VC,BRAND_VC) VALUES (34,'그랜져XG','현대');
INSERT INTO T_CAR (CARCD_VC,NAME_VC,BRAND_VC) VALUES (45,'옵티마','기아');
INSERT INTO T_CAR (CARCD_VC,NAME_VC,BRAND_VC) VALUES (56,'소나타','현대');
INSERT INTO T_CAR (CARCD_VC,NAME_VC,BRAND_VC) VALUES (67,'베르나','현대');
INSERT INTO T_CAR (CARCD_VC,NAME_VC,BRAND_VC) VALUES (78,'엘란','기아');
INSERT INTO T_CAR (CARCD_VC,NAME_VC,BRAND_VC) VALUES (89,'라세티','GM대우');
INSERT INTO T_BELT (BELTCD_VC,PARTNO_VC,PRICE_NU,DBYN_VC) VALUES ('RECM8024',160,2500,'Y');
INSERT INTO T_BELT (BELTCD_VC,PARTNO_VC,PRICE_NU,DBYN_VC) VALUES ('RECM8031',190,2100,'N');
INSERT INTO T_BELT (BELTCD_VC,PARTNO_VC,PRICE_NU,DBYN_VC) VALUES ('RECM8038',220,2500,'N');
INSERT INTO T_BELT (BELTCD_VC,PARTNO_VC,PRICE_NU,DBYN_VC) VALUES ('RECM8045',250,2100,'Y');		
INSERT INTO T_BELT (BELTCD_VC,PARTNO_VC,PRICE_NU,DBYN_VC) VALUES ('RECM8052',280,1800,'N');		
INSERT INTO T_BELT (BELTCD_VC,PARTNO_VC,PRICE_NU,DBYN_VC) VALUES ('RECM8059',310,2100,'N');		
INSERT INTO T_BELT (BELTCD_VC,PARTNO_VC,PRICE_NU,DBYN_VC) VALUES ('RELM1038',340,1800,'Y');		
INSERT INTO T_BELT (BELTCD_VC,PARTNO_VC,PRICE_NU,DBYN_VC) VALUES ('RELM1059',370,2500,'N');		
INSERT INTO T_BELT (BELTCD_VC,PARTNO_VC,PRICE_NU,DBYN_VC) VALUES ('RELM1080',400,1800,'N');		
INSERT INTO T_BELT (BELTCD_VC,PARTNO_VC,PRICE_NU,DBYN_VC) VALUES ('RELM1101',430,2100,'N');		
INSERT INTO T_BELT (BELTCD_VC,PARTNO_VC,PRICE_NU,DBYN_VC) VALUES ('RELM1122',460,1800,'N');		
INSERT INTO T_BELT (BELTCD_VC,PARTNO_VC,PRICE_NU,DBYN_VC) VALUES ('RELM1143',490,2500,'Y');		
INSERT INTO T_BELT (BELTCD_VC,PARTNO_VC,PRICE_NU,DBYN_VC) VALUES ('RELM1164',520,2100,'N');		
INSERT INTO T_BELT (BELTCD_VC,PARTNO_VC,PRICE_NU,DBYN_VC) VALUES ('RELM1185',550,2500,'N');		
INSERT INTO T_BELTORDER (ORDERNUM_VC,COMNAME_VC,PRENAME_VC,CARCD_VC,BELTCD_VC,QUANTITY_NU) VALUES ('20040310-009','잘나가상사','차전문',12,'RECM8038',1);
INSERT INTO T_BELTORDER (ORDERNUM_VC,COMNAME_VC,PRENAME_VC,CARCD_VC,BELTCD_VC,QUANTITY_NU) VALUES ('20040310-009','잘나가상사','차전문',23,'RECM8045',1);
INSERT INTO T_BELTORDER (ORDERNUM_VC,COMNAME_VC,PRENAME_VC,CARCD_VC,BELTCD_VC,QUANTITY_NU) VALUES ('20040310-009','잘나가상사','차전문',34,'RECM8052',1);
INSERT INTO T_BELTORDER (ORDERNUM_VC,COMNAME_VC,PRENAME_VC,CARCD_VC,BELTCD_VC,QUANTITY_NU) VALUES ('20040311-017','신났어정비','오토호',45,'RELM1185',1);
INSERT INTO T_BELTORDER (ORDERNUM_VC,COMNAME_VC,PRENAME_VC,CARCD_VC,BELTCD_VC,QUANTITY_NU) VALUES ('20040311-017','신났어정비','오토호',23,'RECM8045',2);
INSERT INTO T_BELTORDER (ORDERNUM_VC,COMNAME_VC,PRENAME_VC,CARCD_VC,BELTCD_VC,QUANTITY_NU) VALUES ('20040311-017','신났어정비','오토호',34,'RECM8052',2);
INSERT INTO T_BELTORDER (ORDERNUM_VC,COMNAME_VC,PRENAME_VC,CARCD_VC,BELTCD_VC,QUANTITY_NU) VALUES ('20040311-017','신났어정비','오토호',56,'RELM1101',1);
INSERT INTO T_BELTORDER (ORDERNUM_VC,COMNAME_VC,PRENAME_VC,CARCD_VC,BELTCD_VC,QUANTITY_NU) VALUES ('20040311-017','신났어정비','오토호',67,'RELM1122',1);
INSERT INTO T_BELTORDER (ORDERNUM_VC,COMNAME_VC,PRENAME_VC,CARCD_VC,BELTCD_VC,QUANTITY_NU) VALUES ('20040311-017','신났어정비','오토호',78,'RELM1143',3);
INSERT INTO T_BELTORDER (ORDERNUM_VC,COMNAME_VC,PRENAME_VC,CARCD_VC,BELTCD_VC,QUANTITY_NU) VALUES ('20040311-017','신났어정비','오토호',89,'RELM1164',1);
INSERT INTO T_BELTORDER (ORDERNUM_VC,COMNAME_VC,PRENAME_VC,CARCD_VC,BELTCD_VC,QUANTITY_NU) VALUES ('20040315-003','잘나가상사','차전문',45,'RECM8059',1);
INSERT INTO T_BELTORDER (ORDERNUM_VC,COMNAME_VC,PRENAME_VC,CARCD_VC,BELTCD_VC,QUANTITY_NU) VALUES ('20040315-003','잘나가상사','차전문',56,'RELM1038',1);
INSERT INTO T_BELTORDER (ORDERNUM_VC,COMNAME_VC,PRENAME_VC,CARCD_VC,BELTCD_VC,QUANTITY_NU) VALUES ('20040315-003','잘나가상사','차전문',67,'RELM1143',1);
INSERT INTO T_BELTORDER (ORDERNUM_VC,COMNAME_VC,PRENAME_VC,CARCD_VC,BELTCD_VC,QUANTITY_NU) VALUES ('20040318-001','신났어정비','오토호',56,'RELM1038',2);
COMMIT;