/*
 System Name    :  TEST                                        
 Entity Name    :   금전 출납부                                  
 Table  Name    : T_BUDGETMEMBER,T_BUDGETGUBUN,T_BUDGETHIS
 작성자         :  노정환 					
 작성일         :  2003.06.16
 내용            :  조인
 비고	     :  
*/
/*

DROP TABLE T_BUDGETMEMBER;
DROP TABLE T_BUDGETGUBUN;
DROP TABLE T_BUDGETHIS;
*/
CREATE TABLE T_BUDGETMEMBER
(
SEQ_VC VARCHAR2(2) NOT NULL,
NAME_VC VARCHAR2(10) NOT NULL,
EMAIL_VC VARCHAR2(20) NOT NULL,
CHARGE_NU NUMBER NOT NULL
)
/
CREATE TABLE T_BUDGETGUBUN
(
SEQ_VC VARCHAR2(3) NOT NULL,
NAME_VC VARCHAR2(20) NOT NULL,
GUBUN_VC VARCHAR2(2) NOT NULL,
PRIOR_VC VARCHAR2(2) NOT NULL
)
/
CREATE TABLE T_BUDGETHIS
(
SEQ_VC VARCHAR2(3) NOT NULL,
MEMSEQ_VC NUMBER(3) NOT NULL,
INDATE_VC VARCHAR2(8) NOT NULL,
GUBUNSEQ_VC VARCHAR2(3) NOT NULL,
CONTENTS_VC VARCHAR2(50) ,
AMOUNT_NU NUMBER NOT NULL,
REMARK_VC VARCHAR2(100)  
)
/  
INSERT INTO T_BUDGETHIS (SEQ_VC,MEMSEQ_VC,INDATE_VC,GUBUNSEQ_VC,CONTENTS_VC,AMOUNT_NU,REMARK_VC) VALUES (1,1,20040511,1,'지하철,버스',3600,'');
INSERT INTO T_BUDGETHIS (SEQ_VC,MEMSEQ_VC,INDATE_VC,GUBUNSEQ_VC,CONTENTS_VC,AMOUNT_NU,REMARK_VC) VALUES (2,2,20040511,2,'짜장면',2500,'자금성이 역시 최고야');
INSERT INTO T_BUDGETHIS (SEQ_VC,MEMSEQ_VC,INDATE_VC,GUBUNSEQ_VC,CONTENTS_VC,AMOUNT_NU,REMARK_VC) VALUES (3,3,20040517,7,'어머니 용돈',50000,'어머니의 기분 업 아싸아~');
INSERT INTO T_BUDGETHIS (SEQ_VC,MEMSEQ_VC,INDATE_VC,GUBUNSEQ_VC,CONTENTS_VC,AMOUNT_NU,REMARK_VC) VALUES (4,1,20040520,9,'할머니 심부름',1500,'늘 그렇듯 노동 대비 단가 졸라 낮음...(졸라 고생 TT)');
INSERT INTO T_BUDGETHIS (SEQ_VC,MEMSEQ_VC,INDATE_VC,GUBUNSEQ_VC,CONTENTS_VC,AMOUNT_NU,REMARK_VC) VALUES (5,2,20040523,5,'영화',7000,'태극기 휘몰아 쳐 재끼며...');
INSERT INTO T_BUDGETHIS (SEQ_VC,MEMSEQ_VC,INDATE_VC,GUBUNSEQ_VC,CONTENTS_VC,AMOUNT_NU,REMARK_VC) VALUES (6,1,20040525,4,'신촌서 둘리와',10000,'만원으로 극복했다.');
INSERT INTO T_BUDGETHIS (SEQ_VC,MEMSEQ_VC,INDATE_VC,GUBUNSEQ_VC,CONTENTS_VC,AMOUNT_NU,REMARK_VC) VALUES (7,1,20040601,1,'지하철 왕복',1500,'');
INSERT INTO T_BUDGETHIS (SEQ_VC,MEMSEQ_VC,INDATE_VC,GUBUNSEQ_VC,CONTENTS_VC,AMOUNT_NU,REMARK_VC) VALUES (8,1,20040607,2,'돈까스',5000,'3년째 같은 기름을 쓰고 있는듯..');
INSERT INTO T_BUDGETHIS (SEQ_VC,MEMSEQ_VC,INDATE_VC,GUBUNSEQ_VC,CONTENTS_VC,AMOUNT_NU,REMARK_VC) VALUES (9,2,20040613,5,'오라클책',20000,'잘 봐야 할텐데....');
INSERT INTO T_BUDGETHIS (SEQ_VC,MEMSEQ_VC,INDATE_VC,GUBUNSEQ_VC,CONTENTS_VC,AMOUNT_NU,REMARK_VC) VALUES (10,3,20040619,5,'비디오',1500,'러브 어페어-안아까워... 나중에 하나 사야겠다');
INSERT INTO T_BUDGETHIS (SEQ_VC,MEMSEQ_VC,INDATE_VC,GUBUNSEQ_VC,CONTENTS_VC,AMOUNT_NU,REMARK_VC) VALUES (11,1,20040625,1,'택시',8000,'미친척... 길에 돈을 뿌리다니...');
INSERT INTO T_BUDGETHIS (SEQ_VC,MEMSEQ_VC,INDATE_VC,GUBUNSEQ_VC,CONTENTS_VC,AMOUNT_NU,REMARK_VC) VALUES (12,2,20040712,2,'간짜장',4000,'간짜장은 역시 달라');
INSERT INTO T_BUDGETHIS (SEQ_VC,MEMSEQ_VC,INDATE_VC,GUBUNSEQ_VC,CONTENTS_VC,AMOUNT_NU,REMARK_VC) VALUES (13,3,20040715,7,'아버지 용돈',50000,'승진하셨나....?');
INSERT INTO T_BUDGETHIS (SEQ_VC,MEMSEQ_VC,INDATE_VC,GUBUNSEQ_VC,CONTENTS_VC,AMOUNT_NU,REMARK_VC) VALUES (14,1,20040718,8,'전단지 뺑이침',80000,'난 젊으니까...');
INSERT INTO T_BUDGETHIS (SEQ_VC,MEMSEQ_VC,INDATE_VC,GUBUNSEQ_VC,CONTENTS_VC,AMOUNT_NU,REMARK_VC) VALUES (15,3,20040721,10,'둘리에게',30000,'둘린 내친구!!');
INSERT INTO T_BUDGETHIS (SEQ_VC,MEMSEQ_VC,INDATE_VC,GUBUNSEQ_VC,CONTENTS_VC,AMOUNT_NU,REMARK_VC) VALUES (16,2,20040721,11,'도우너에게',30000,'나쁜놈');
INSERT INTO T_BUDGETHIS (SEQ_VC,MEMSEQ_VC,INDATE_VC,GUBUNSEQ_VC,CONTENTS_VC,AMOUNT_NU,REMARK_VC) VALUES (17,3,20040724,6,'신문',600,'심심하니까....');
INSERT INTO T_BUDGETHIS (SEQ_VC,MEMSEQ_VC,INDATE_VC,GUBUNSEQ_VC,CONTENTS_VC,AMOUNT_NU,REMARK_VC) VALUES (18,2,20040727,2,'된장찌개',3500,'맛있다');
INSERT INTO T_BUDGETHIS (SEQ_VC,MEMSEQ_VC,INDATE_VC,GUBUNSEQ_VC,CONTENTS_VC,AMOUNT_NU,REMARK_VC) VALUES (19,2,20040801,8,'노가다하루',70000,'헉헉헉');
INSERT INTO T_BUDGETHIS (SEQ_VC,MEMSEQ_VC,INDATE_VC,GUBUNSEQ_VC,CONTENTS_VC,AMOUNT_NU,REMARK_VC) VALUES (20,1,20040802,5,'음반',12000,'조용필 1집 - 역시..');
INSERT INTO T_BUDGETHIS (SEQ_VC,MEMSEQ_VC,INDATE_VC,GUBUNSEQ_VC,CONTENTS_VC,AMOUNT_NU,REMARK_VC) VALUES (21,1,20040803,1,'버스왕복',1500,'');
INSERT INTO T_BUDGETHIS (SEQ_VC,MEMSEQ_VC,INDATE_VC,GUBUNSEQ_VC,CONTENTS_VC,AMOUNT_NU,REMARK_VC) VALUES (22,1,20040804,2,'점심(사발면)',1000,'맛있었어.. 그래...어쩔수 없어');
INSERT INTO T_BUDGETHIS (SEQ_VC,MEMSEQ_VC,INDATE_VC,GUBUNSEQ_VC,CONTENTS_VC,AMOUNT_NU,REMARK_VC) VALUES (23,2,20040805,6,'물리치료,파스,약값(젠장)',40000,'난 소중하니까..');
INSERT INTO T_BUDGETHIS (SEQ_VC,MEMSEQ_VC,INDATE_VC,GUBUNSEQ_VC,CONTENTS_VC,AMOUNT_NU,REMARK_VC) VALUES (24,3,20040806,10,'형에게',50000,'좋은 형..!!');
INSERT INTO T_BUDGETHIS (SEQ_VC,MEMSEQ_VC,INDATE_VC,GUBUNSEQ_VC,CONTENTS_VC,AMOUNT_NU,REMARK_VC) VALUES (25,1,20040807,4,'소개팅',50000,'내가 미쳐....');
INSERT INTO T_BUDGETHIS (SEQ_VC,MEMSEQ_VC,INDATE_VC,GUBUNSEQ_VC,CONTENTS_VC,AMOUNT_NU,REMARK_VC) VALUES (26,2,20040808,4,'미팅',10000,'느므 심심해서');
INSERT INTO T_BUDGETHIS (SEQ_VC,MEMSEQ_VC,INDATE_VC,GUBUNSEQ_VC,CONTENTS_VC,AMOUNT_NU,REMARK_VC) VALUES (27,2,20040809,5,'연극',20000,'난생처음..');
INSERT INTO T_BUDGETHIS (SEQ_VC,MEMSEQ_VC,INDATE_VC,GUBUNSEQ_VC,CONTENTS_VC,AMOUNT_NU,REMARK_VC) VALUES (28,2,20040810,3,'두개로통신',33000,'');
INSERT INTO T_BUDGETHIS (SEQ_VC,MEMSEQ_VC,INDATE_VC,GUBUNSEQ_VC,CONTENTS_VC,AMOUNT_NU,REMARK_VC) VALUES (29,3,20040811,3,'도로넷통신',30000,'');
INSERT INTO T_BUDGETHIS (SEQ_VC,MEMSEQ_VC,INDATE_VC,GUBUNSEQ_VC,CONTENTS_VC,AMOUNT_NU,REMARK_VC) VALUES (30,3,20040812,2,'삼각김말이',2200,'김밥 먹을 걸....');
INSERT INTO T_BUDGETHIS (SEQ_VC,MEMSEQ_VC,INDATE_VC,GUBUNSEQ_VC,CONTENTS_VC,AMOUNT_NU,REMARK_VC) VALUES (31,2,20040813,1,'택시',5700,'어쩔 수 없었음.. 정말루...');
INSERT INTO T_BUDGETHIS (SEQ_VC,MEMSEQ_VC,INDATE_VC,GUBUNSEQ_VC,CONTENTS_VC,AMOUNT_NU,REMARK_VC) VALUES (31,2,20040813,12,'도우너가',30000,'천만 다행');
INSERT INTO T_BUDGETGUBUN (SEQ_VC, NAME_VC,GUBUN_VC,PRIOR_VC) VALUES (1,'교통비',10,0);
INSERT INTO T_BUDGETGUBUN (SEQ_VC, NAME_VC,GUBUN_VC,PRIOR_VC) VALUES (2,'식대',10,10);
INSERT INTO T_BUDGETGUBUN (SEQ_VC, NAME_VC,GUBUN_VC,PRIOR_VC) VALUES (3,'정보요금',10,30);
INSERT INTO T_BUDGETGUBUN (SEQ_VC, NAME_VC,GUBUN_VC,PRIOR_VC) VALUES (4,'유흥비',10,40  );
INSERT INTO T_BUDGETGUBUN (SEQ_VC, NAME_VC,GUBUN_VC,PRIOR_VC) VALUES (5,'문화생활',10,20);
INSERT INTO T_BUDGETGUBUN (SEQ_VC, NAME_VC,GUBUN_VC,PRIOR_VC) VALUES (6,'기타',10,50);
INSERT INTO T_BUDGETGUBUN (SEQ_VC, NAME_VC,GUBUN_VC,PRIOR_VC) VALUES (7,'용돈',20,0 );
INSERT INTO T_BUDGETGUBUN (SEQ_VC, NAME_VC,GUBUN_VC,PRIOR_VC) VALUES (8,'알바',20,10);
INSERT INTO T_BUDGETGUBUN (SEQ_VC, NAME_VC,GUBUN_VC,PRIOR_VC) VALUES (9,'심부름값',20,20);
INSERT INTO T_BUDGETGUBUN (SEQ_VC, NAME_VC,GUBUN_VC,PRIOR_VC) VALUES (10,'꾼돈',30,30);
INSERT INTO T_BUDGETGUBUN (SEQ_VC, NAME_VC,GUBUN_VC,PRIOR_VC) VALUES (11,'꿔줌',40,60);
INSERT INTO T_BUDGETGUBUN (SEQ_VC, NAME_VC,GUBUN_VC,PRIOR_VC) VALUES (12,'기타',20,70);
INSERT INTO T_BUDGETMEMBER (SEQ_VC,NAME_VC,EMAIL_VC,CHARGE_NU) VALUES (1,'고도치','dochi@a.com',100000);
INSERT INTO T_BUDGETMEMBER (SEQ_VC,NAME_VC,EMAIL_VC,CHARGE_NU) VALUES (2,'고둘리','dl@b.com',200000);
INSERT INTO T_BUDGETMEMBER (SEQ_VC,NAME_VC,EMAIL_VC,CHARGE_NU) VALUES (3,'도우너','dwn@c.com',160000);
INSERT INTO T_BUDGETMEMBER (SEQ_VC,NAME_VC,EMAIL_VC,CHARGE_NU) VALUES (4,'홍길동','gdh@d.com',160000);
INSERT INTO T_BUDGETMEMBER (SEQ_VC,NAME_VC,EMAIL_VC,CHARGE_NU) VALUES (5,'나독도','ndd@e.com',160000);
COMMIT;