/*
 System Name    :  TEST                                        
 Entity Name    :  병원의 환자 예약 스케줄                                   
 Table  Name    :  T_MEDICALSC
 작성자         :  노정환 					
 작성일         :  2003.10.11                             
 내용            :  칼럼 변환
 비고	     :  
*/
DROP TABLE T_MEDICALSC;
DROP TABLE T_MEDICALMB;
DROP TABLE T_MEDICALNM;
CREATE TABLE T_MEDICALSC
(
HOSCD_VC VARCHAR2(4) NOT NULL ,
SCDATE_VC VARCHAR2(8) NOT NULL ,
SCHOUR_VC VARCHAR2(4) NOT NULL ,
MEMCD_VC VARCHAR2(4) NOT NULL 
)
/
CREATE TABLE T_MEDICALMB
(
MEMCD_VC VARCHAR2(4) NOT NULL ,
NAME_VC    VARCHAR2(8) NOT NULL 
)
/
CREATE TABLE T_MEDICALNM
(
HOSCD_VC VARCHAR2(4) NOT NULL ,
NAME_VC    VARCHAR2(20) NOT NULL 
)
/
INSERT INTO T_MEDICALSC (HOSCD_VC,SCDATE_VC,SCHOUR_VC,MEMCD_VC) VALUES ('1001','20040715','0900','1023');
INSERT INTO T_MEDICALSC (HOSCD_VC,SCDATE_VC,SCHOUR_VC,MEMCD_VC) VALUES ('1003','20040715','0900','1080');
INSERT INTO T_MEDICALSC (HOSCD_VC,SCDATE_VC,SCHOUR_VC,MEMCD_VC) VALUES ('1001','20040715','0900','1137');
INSERT INTO T_MEDICALSC (HOSCD_VC,SCDATE_VC,SCHOUR_VC,MEMCD_VC) VALUES ('1002','20040715','0900','1194');
INSERT INTO T_MEDICALSC (HOSCD_VC,SCDATE_VC,SCHOUR_VC,MEMCD_VC) VALUES ('1001','20040715','0900','1251');
INSERT INTO T_MEDICALSC (HOSCD_VC,SCDATE_VC,SCHOUR_VC,MEMCD_VC) VALUES ('1003','20040715','1000','1308');
INSERT INTO T_MEDICALSC (HOSCD_VC,SCDATE_VC,SCHOUR_VC,MEMCD_VC) VALUES ('1001','20040715','1000','1365');
INSERT INTO T_MEDICALSC (HOSCD_VC,SCDATE_VC,SCHOUR_VC,MEMCD_VC) VALUES ('1002','20040715','1000','1422');
INSERT INTO T_MEDICALSC (HOSCD_VC,SCDATE_VC,SCHOUR_VC,MEMCD_VC) VALUES ('1001','20040715','1000','1479');
INSERT INTO T_MEDICALSC (HOSCD_VC,SCDATE_VC,SCHOUR_VC,MEMCD_VC) VALUES ('1003','20040715','1100','1536');
INSERT INTO T_MEDICALSC (HOSCD_VC,SCDATE_VC,SCHOUR_VC,MEMCD_VC) VALUES ('1003','20040715','1100','1593');
INSERT INTO T_MEDICALSC (HOSCD_VC,SCDATE_VC,SCHOUR_VC,MEMCD_VC) VALUES ('1001','20040715','1100','1650');
INSERT INTO T_MEDICALSC (HOSCD_VC,SCDATE_VC,SCHOUR_VC,MEMCD_VC) VALUES ('1003','20040715','1100','1707');
INSERT INTO T_MEDICALSC (HOSCD_VC,SCDATE_VC,SCHOUR_VC,MEMCD_VC) VALUES ('1002','20040715','1100','1764');
INSERT INTO T_MEDICALSC (HOSCD_VC,SCDATE_VC,SCHOUR_VC,MEMCD_VC) VALUES ('1001','20040715','1300','1821');
INSERT INTO T_MEDICALSC (HOSCD_VC,SCDATE_VC,SCHOUR_VC,MEMCD_VC) VALUES ('1002','20040715','1300','1878');
INSERT INTO T_MEDICALSC (HOSCD_VC,SCDATE_VC,SCHOUR_VC,MEMCD_VC) VALUES ('1001','20040715','1300','1935');
INSERT INTO T_MEDICALSC (HOSCD_VC,SCDATE_VC,SCHOUR_VC,MEMCD_VC) VALUES ('1002','20040715','1300','1992');
INSERT INTO T_MEDICALSC (HOSCD_VC,SCDATE_VC,SCHOUR_VC,MEMCD_VC) VALUES ('1001','20040715','1400','2049');
INSERT INTO T_MEDICALSC (HOSCD_VC,SCDATE_VC,SCHOUR_VC,MEMCD_VC) VALUES ('1003','20040715','1400','2106');
INSERT INTO T_MEDICALSC (HOSCD_VC,SCDATE_VC,SCHOUR_VC,MEMCD_VC) VALUES ('1001','20040715','1400','2163');
INSERT INTO T_MEDICALSC (HOSCD_VC,SCDATE_VC,SCHOUR_VC,MEMCD_VC) VALUES ('1002','20040715','1400','2220');
INSERT INTO T_MEDICALSC (HOSCD_VC,SCDATE_VC,SCHOUR_VC,MEMCD_VC) VALUES ('1001','20040715','1400','2277');
INSERT INTO T_MEDICALSC (HOSCD_VC,SCDATE_VC,SCHOUR_VC,MEMCD_VC) VALUES ('1001','20040715','1500','2334');
INSERT INTO T_MEDICALSC (HOSCD_VC,SCDATE_VC,SCHOUR_VC,MEMCD_VC) VALUES ('1003','20040715','1500','2391');
INSERT INTO T_MEDICALSC (HOSCD_VC,SCDATE_VC,SCHOUR_VC,MEMCD_VC) VALUES ('1003','20040715','1500','2448');
INSERT INTO T_MEDICALMB (MEMCD_VC,NAME_VC) VALUES (1023,'학우사');
INSERT INTO T_MEDICALMB (MEMCD_VC,NAME_VC) VALUES (1080,'홍길동');
INSERT INTO T_MEDICALMB (MEMCD_VC,NAME_VC) VALUES (1137,'강감찬');
INSERT INTO T_MEDICALMB (MEMCD_VC,NAME_VC) VALUES (1194,'이순신');
INSERT INTO T_MEDICALMB (MEMCD_VC,NAME_VC) VALUES (1251,'김유신');
INSERT INTO T_MEDICALMB (MEMCD_VC,NAME_VC) VALUES (1308,'항산벌');
INSERT INTO T_MEDICALMB (MEMCD_VC,NAME_VC) VALUES (1365,'계백'  );
INSERT INTO T_MEDICALMB (MEMCD_VC,NAME_VC) VALUES (1422,'개벽이');
INSERT INTO T_MEDICALMB (MEMCD_VC,NAME_VC) VALUES (1479,'장길산');
INSERT INTO T_MEDICALMB (MEMCD_VC,NAME_VC) VALUES (1536,'한분식');
INSERT INTO T_MEDICALMB (MEMCD_VC,NAME_VC) VALUES (1593,'노하우');
INSERT INTO T_MEDICALMB (MEMCD_VC,NAME_VC) VALUES (1650,'이쁘다');
INSERT INTO T_MEDICALMB (MEMCD_VC,NAME_VC) VALUES (1707,'이비컴');
INSERT INTO T_MEDICALMB (MEMCD_VC,NAME_VC) VALUES (1764,'유자차');
INSERT INTO T_MEDICALMB (MEMCD_VC,NAME_VC) VALUES (1821,'춘식이');
INSERT INTO T_MEDICALMB (MEMCD_VC,NAME_VC) VALUES (1878,'김현식');
INSERT INTO T_MEDICALMB (MEMCD_VC,NAME_VC) VALUES (1935,'노정환');
INSERT INTO T_MEDICALMB (MEMCD_VC,NAME_VC) VALUES (1992,'임종민');
INSERT INTO T_MEDICALMB (MEMCD_VC,NAME_VC) VALUES (2049,'윤상민');
INSERT INTO T_MEDICALMB (MEMCD_VC,NAME_VC) VALUES (2106,'고승현');
INSERT INTO T_MEDICALMB (MEMCD_VC,NAME_VC) VALUES (2163,'이상훈');
INSERT INTO T_MEDICALMB (MEMCD_VC,NAME_VC) VALUES (2220,'장제열');
INSERT INTO T_MEDICALMB (MEMCD_VC,NAME_VC) VALUES (2277,'오주호');
INSERT INTO T_MEDICALMB (MEMCD_VC,NAME_VC) VALUES (2334,'김인성');
INSERT INTO T_MEDICALMB (MEMCD_VC,NAME_VC) VALUES (2391,'김기천');
INSERT INTO T_MEDICALMB (MEMCD_VC,NAME_VC) VALUES (2448,'심우선');
INSERT INTO T_MEDICALNM (HOSCD_VC,NAME_VC) VALUES (1001,'다난다');
INSERT INTO T_MEDICALNM (HOSCD_VC,NAME_VC) VALUES (1002,'부상병동');
INSERT INTO T_MEDICALNM (HOSCD_VC,NAME_VC) VALUES (1003,'이쁜 간호사가 있는');
COMMIT;                                                                                       